<?xml version="1.0" encoding="utf-8"?>

<!-- Layout Definition 	: LinearLayout  
		:: etc03_tablelaytout.xml / etc04_tablelinear.xml
		:: 어떤 layout 을 사용할 것인가 ? -->
<LinearLayout xmlns:android="http://schemas.android.com/apk/res/android"
	android:layout_width="match_parent"
	android:layout_height="match_parent"
	android:orientation="vertical"
	android:padding="5dp"
	android:background="#000000">
	
    <!--  중첩 Layout -->
	<LinearLayout
		android:layout_width="match_parent"
		android:layout_height="wrap_content"
		android:orientation="horizontal"
		android:padding="5dp" 
		android:background="#cccccc" >
		
		<TextView 
		    android:layout_width="wrap_content" android:layout_height="wrap_content" 
			android:textSize="30sp" android:padding="10dip"  android:layout_weight="1"
			android:text="국어"/>
		<TextView android:layout_width="wrap_content" android:layout_height="wrap_content" 
			android:textSize="30sp" android:padding="10dip" android:layout_weight="1"
			android:text="영어" />
		<TextView android:layout_width="wrap_content" android:layout_height="wrap_content" 
			android:textSize="30sp" android:padding="10dip" android:layout_weight="1"
			android:text="수학" />
		
	</LinearLayout>
	
	
	<!--  중첩 Layout -->
	<LinearLayout
		android:layout_width="match_parent"
		android:layout_height="wrap_content"
		android:orientation="horizontal"
		android:layout_marginTop="20dp"
		android:padding="5dp" 
		android:background="#ffff00" >
		
	<TextView android:layout_width="wrap_content" android:layout_height="wrap_content" 
		android:textSize="30sp" android:padding="10dip"  android:layout_weight="1"
		android:background="#cccccc" android:gravity="center"  
		android:text="88" />
	<TextView android:layout_width="wrap_content" android:layout_height="wrap_content" 
		android:textSize="30sp" android:padding="10dip"  android:layout_weight="1"
		android:text="92"/>
	<TextView android:layout_width="wrap_content" android:layout_height="wrap_content" 
		android:textSize="30sp" android:padding="10dip"  android:layout_weight="1"
		android:text="76"  />
	</LinearLayout>
	
</LinearLayout>
