<?xml version="1.0" encoding="utf-8"?>

<!-- 	:: UI 구성시 자주 사용되는 color  Meta-Data
	 	:: 참조 : android.graphics.Color -->
<resources>

    <color name="purple_200">#FFBB86FC</color>
    <color name="purple_500">#FF6200EE</color>
    <color name="purple_700">#FF3700B3</color>
    <color name="teal_200">#FF03DAC5</color>
    <color name="teal_700">#FF018786</color>
    <color name="black">#FF000000</color>
    <color name="white">#FFFFFFFF</color>


    <color name="colorPrimary">#3F51B5</color>
    <color name="colorPrimaryDark">#303F9F</color>
    <color name="colorAccent">#FF4081</color>

    <color name="color_white">#ffffff</color>
    <color name="color_black">#000000</color>
    <color name="color_red">#ff0000</color>
    <color name="color_transparent_red">#80ff0000 </color>
    <color name="color_blue">#0000ff</color>
    <color name="color_transparent_blue">#800000ff</color>
    <color name="color_green">#00ff00</color>
    <color name="color_transparent_green">#8000ff00</color>
    <color name="color_yellow">#ffff00</color>
    <color name="color_transparent_yellow">#80ffff00</color>
    <color name="color_gray">#888888</color>
    <color name="color_ltgray">#cccccc</color>
    <color name="color_dkgray">#444444</color>
    <color name="color_cyan">#00ffff</color>
    <color name="color_transparent_cyan">#8000ffff</color>
    <color name="color_magenta">#ff00ff</color>
    <color name="color_transparent_magenta">#ff00ff</color>
</resources>
