<?xml version="1.0" encoding="utf-8"?>

<!-- UI 구성시 자주 사용되는 value  Meta-Data -->

<resources>
    <!-- Default screen margins, per the Android Design guidelines. -->
    <dimen name="activity_horizontal_margin">16dp</dimen>
    <dimen name="activity_vertical_margin">16dp</dimen>

    <!-- Layout  :: android:XXX-->
    <dimen name="layout_padding">10dp</dimen>
    <dimen name="layout_horizontal_padding">10dp</dimen>
    <dimen name="layout_vertical_padding">10dp</dimen>

    <!-- View  :: android:layout_XXX -->
    <dimen name="view_layout_margin">5dp</dimen>
    <dimen name="view_layout_horizontal_margin">5dp</dimen>
    <dimen name="view_layout_vertical_margin">5dp</dimen>

    <!-- View :: android:XXX-->
    <dimen name="view_padding">7dp</dimen>
    <dimen name="view_layout_horizontal_padding">7dp</dimen>
    <dimen name="view_layout_vertical_padding">7dp</dimen>
</resources>
