<?xml version="1.0" encoding="UTF-8" ?>

<!DOCTYPE mapper
		PUBLIC "-//mybatis.org//DTD Mapper 3.0//EN"
		"http://mybatis.org/dtd/mybatis-3-mapper.dtd">

<!--  
//======================== 추가, 변경 된 부분  ==========================/
//==> Spring Boot 시 추가된 부분.
//======================== 추가, 변경 된 부분  ==========================/

<mapper namespace="UserMapper">

-->

<mapper namespace="com.model2.mvc.service.user.UserDao"> 	
 	
 	
	<resultMap id="userSelectMap" type="user">
		<result property="userId" 			column="user_id" 			jdbcType="VARCHAR"/>
		<result property="userName"	column="user_name" 		jdbcType="VARCHAR" />
		<result property="password" 	column="password" 		jdbcType="VARCHAR" />
		<result property="role" 				column="role" 					jdbcType="VARCHAR" />
		<result property="ssn" 				column="ssn" 					jdbcType="VARCHAR" />
		<result property="phone" 			column="cell_phone" 		jdbcType="VARCHAR" />
		<result property="addr" 				column="addr" 					jdbcType="VARCHAR" />
		<result property="email" 			column="email" 				jdbcType="NUMERIC"  />
		<result property="regDate" 		column="reg_date" 			jdbcType="DATE" />
	</resultMap>
	
	<!-- SQL : INSERT -->
	<insert 	id="addUser"		parameterType="user" >
	 	INSERT
		INTO users( user_id , user_name , password , role , ssn, cell_phone, addr, email , reg_date) 
		VALUES	 (	#{userId} , #{userName} , #{password} , 'user' , #{ssn:VARCHAR} , 
							#{phone:VARCHAR} , #{addr:VARCHAR} , #{email:VARCHAR} , SYSDATE )
	 </insert>
	 
	 <!-- SQL : SELECT ONE -->
	 <select 	id="getUser"	parameterType="string"	resultMap="userSelectMap">
		SELECT
		user_id , user_name , password , role ,  cell_phone ,  addr , email , reg_date 		
		FROM users 
		WHERE user_id = #{value}
	 </select>
	 
	 <!-- SQL : UPDATE -->
	 <update	id="updateUser"	parameterType="user" >
	   	UPDATE users
	   	<set>
	   		user_name 	= #{userName} ,
			cell_phone	= #{phone:VARCHAR},
			addr 				= #{addr:VARCHAR} ,
			email				=	#{email:VARCHAR}
	   	</set>
	   	WHERE user_id = #{userId}
	 </update>
		 
	<!-- SQL : SELECT LIST -->
	<select  id="getUserList"  parameterType="search"	resultMap="userSelectMap">
	  	SELECT *
	  	FROM (	SELECT inner_table.* , ROWNUM AS row_seq
	  					FROM		(	SELECT user_id , user_name , email
											FROM users
											<if test="searchCondition != null">
												<where>
													<if test="searchCondition == 0 and searchKeyword !='' ">
										 				user_id = #{searchKeyword}
													</if>
													<if test="searchCondition == 1 and searchKeyword !='' ">
										 				user_name = #{searchKeyword}
													</if>
												</where>
											</if>
											ORDER BY user_id ) inner_table
						WHERE ROWNUM &lt;= #{endRowNum} )
		WHERE row_seq BETWEEN #{startRowNum} AND #{endRowNum} 
	 </select>
	 	<!--  위 두번째 subQuery 의  
	 			WHERE ROWNUM &lt;= #{endRowNum} ) 는
	 			WHERE ROWNUM <= #{endRowNum} ) 의미이며..
	 			< 는 keyword 로 &lt; 를	사용.
	 			
	 			<![CDATA[  ~~~  ]]> 를 이용하여 아래와 같이 사용  할 수 있다.
	 			CDATA ==> Character Data 의 의미 Java 에서 \n 같은 특수문자 처리  

				WHERE ROWNUM <![CDATA[ <=]]> #{endRowNum} )
		-->
	
	<!-- SQL : SELECT ROW Count -->	 
	 <select  id="getTotalCount"  parameterType="search"	 resultType="int">
	  	SELECT COUNT(*)
	  	FROM(	SELECT user_id , user_name , email
						FROM users
						<if test="searchCondition != null">
							<where>
								<if test="searchCondition == 0 and searchKeyword !='' ">
						 			user_id = #{searchKeyword}
								</if>
								<if test="searchCondition == 1 and searchKeyword !='' ">
						 		user_name = #{searchKeyword}
								</if>
							</where>
						</if> ) countTable						
	 </select>
	 
</mapper>